mmsi_1,mmsi_2,timestamp,lat_1,lon_1,lat_2,lon_2,sog_1,sog_2,distance_km,interaction_duration_min
525023080,525501897,2024-06-22 11:00:08+00:00,-6.1052566666666666,106.88239333333334,-6.104856666666667,106.88239166666666,0.0,0.0,0.04447835238270352,0
525023080,525501897,2024-06-22 11:00:08+00:00,-6.1052566666666666,106.88239333333334,-6.104856666666667,106.88239166666666,0.0,0.0,0.04447835238270352,0
525016334,525924924,2024-06-22 16:00:05+00:00,-6.0594616666666665,106.95519666666667,-6.0592733333333335,106.95500833333334,0.0,0.0,9.442465336721368,0
525016334,525924924,2024-06-22 16:00:05+00:00,-6.0594616666666665,106.95519666666667,-6.0592733333333335,106.95500833333334,0.0,0.0,9.442465336721368,0
525006134,525300027,2024-06-22 19:07:21+00:00,-6.106086666666667,106.90576833333333,-6.105753333333333,106.90573166666667,0.4,0.0,0.03728602245039753,0
525006134,525300027,2024-06-22 19:07:21+00:00,-6.106086666666667,106.90576833333333,-6.105753333333333,106.90573166666667,0.4,0.0,0.03728602245039753,0
525006345,525023365,2024-06-23 14:00:02+00:00,-6.106013333333333,106.88376666666667,-6.106373333333333,106.88353833333333,0.0,0.0,0.04732597628011065,0
525006345,525023365,2024-06-23 14:00:02+00:00,-6.106013333333333,106.88376666666667,-6.106373333333333,106.88353833333333,0.0,0.0,0.04732597628011065,0
525006218,525016510,2024-06-24 16:30:03+00:00,-6.095508333333333,106.95714333333333,-6.095746666666667,106.95700333333333,0.0,0.0,6.981083447800702,0
525020039,525500404,2024-06-24 17:00:01+00:00,-6.096365,106.95697166666666,-6.0968,106.95694,0.0,0.1,10.464986086968008,0
525020039,525500404,2024-06-24 17:00:01+00:00,-6.096365,106.95697166666666,-6.0968,106.95694,0.0,0.1,10.464986086968008,0
525014077,525500034,2024-06-25 11:00:02+00:00,-6.093016666666666,106.87820666666667,-6.092966666666666,106.87855333333333,0.0,0.4,3.7094173201835914,0
525014077,525500034,2024-06-25 11:00:02+00:00,-6.093016666666666,106.87820666666667,-6.092966666666666,106.87855333333333,0.0,0.4,3.7094173201835914,0
525100210,525924924,2024-06-28 05:00:00+00:00,-6.061508333333333,106.95629166666667,-6.061376666666667,106.95651333333333,0.0,0.0,10.520929320385886,0
525100210,525924924,2024-06-28 05:00:00+00:00,-6.061508333333333,106.95629166666667,-6.061376666666667,106.95651333333333,0.0,0.0,10.520929320385886,0
525010318,525021391,2024-06-28 10:30:09+00:00,-6.0890683333333335,106.92410333333333,-6.089216666666666,106.92400833333333,0.0,0.0,4.448087158873786,0
525010318,525021391,2024-06-28 11:00:09+00:00,-6.089088333333334,106.92377166666667,-6.089136666666667,106.92415666666666,0.0,0.0,3.6556756637121737,0
525010318,525021391,2024-06-28 11:00:09+00:00,-6.089088333333334,106.92377166666667,-6.089136666666667,106.92415666666666,0.0,0.0,3.6556756637121737,0
525020039,525200307,2024-06-28 11:30:08+00:00,-6.0952383333333335,106.95701333333334,-6.095236666666667,106.957125,0.0,0.0,3.749750020960731,0
525005334,525007176,2024-06-28 12:00:08+00:00,-6.096758333333334,106.956965,-6.096373333333333,106.95698333333333,0.0,0.0,5.062769881554791,0
525005334,525007176,2024-06-28 12:00:08+00:00,-6.096758333333334,106.956965,-6.096373333333333,106.95698333333333,0.0,0.0,5.062769881554791,0
525010318,525021391,2024-06-28 13:00:09+00:00,-6.089063333333334,106.92370333333334,-6.089038333333334,106.92382833333333,0.1,0.0,7.556162649668958,0
525010318,525021391,2024-06-28 13:00:09+00:00,-6.089063333333334,106.92370333333334,-6.089038333333334,106.92382833333333,0.1,0.0,7.556162649668958,0
525020039,525200307,2024-06-28 14:03:19+00:00,-6.095161666666667,106.95702166666666,-6.09518,106.95714166666667,0.0,0.0,0.16653103821535575,0
525010318,525021391,2024-06-28 14:03:19+00:00,-6.08906,106.92373333333333,-6.0890233333333335,106.92381333333333,0.0,0.1,0.16653103821535575,0
525005334,525007176,2024-06-28 14:03:19+00:00,-6.096708333333333,106.95696,-6.0963433333333334,106.956985,0.0,0.0,0.16653103821535575,0
525020039,525200307,2024-06-28 14:03:19+00:00,-6.095161666666667,106.95702166666666,-6.09518,106.95714166666667,0.0,0.0,0.16653103821535575,0
525010318,525021391,2024-06-28 14:03:19+00:00,-6.08906,106.92373333333333,-6.0890233333333335,106.92381333333333,0.0,0.1,0.16653103821535575,0
525005334,525007176,2024-06-28 14:03:19+00:00,-6.096708333333333,106.95696,-6.0963433333333334,106.956985,0.0,0.0,0.16653103821535575,0
525005334,525007176,2024-06-28 15:00:08+00:00,-6.096706666666667,106.95692,-6.096338333333334,106.956955,0.0,0.0,7.383176157162387,0
525005334,525007176,2024-06-28 15:00:08+00:00,-6.096706666666667,106.95692,-6.096338333333334,106.956955,0.0,0.0,7.383176157162387,0
525020039,525200307,2024-06-28 16:00:09+00:00,-6.095188333333334,106.95702333333334,-6.0951683333333335,106.95712333333333,0.0,0.0,3.7519726544059804,0
525010318,525021391,2024-06-28 16:00:09+00:00,-6.089026666666666,106.92369833333333,-6.089403333333333,106.92368833333333,0.1,0.1,3.7519726544059804,0
525020039,525200307,2024-06-28 16:00:09+00:00,-6.095188333333334,106.95702333333334,-6.0951683333333335,106.95712333333333,0.0,0.0,3.7519726544059804,0
525010318,525021391,2024-06-28 16:00:09+00:00,-6.089026666666666,106.92369833333333,-6.089403333333333,106.92368833333333,0.1,0.1,3.7519726544059804,0
525501479,525701460,2024-06-29 00:00:08+00:00,-6.095375,106.95854833333334,-6.095643333333333,106.95858,0.0,0.0,0.030042031298736522,0
525501479,525701460,2024-06-29 00:00:08+00:00,-6.095375,106.95854833333334,-6.095643333333333,106.95858,0.0,0.0,0.030042031298736522,0
525501479,525701460,2024-06-29 01:00:08+00:00,-6.095376666666667,106.958545,-6.095648333333333,106.95856666666667,0.0,0.0,0.03030279624036163,0
525501479,525701460,2024-06-29 01:00:08+00:00,-6.095376666666667,106.958545,-6.095648333333333,106.95856666666667,0.0,0.0,0.03030279624036163,0
525501479,525701460,2024-06-29 01:30:08+00:00,-6.095336666666666,106.95855166666666,-6.095653333333333,106.95854666666666,0.0,0.0,0.035216066285726114,0
525023365,525201201,2024-06-29 04:30:05+00:00,-6.10602,106.88377,-6.106386666666666,106.88352666666667,0.0,0.0,3.927655098987812,0
525010318,525021391,2024-06-29 10:00:08+00:00,-6.089088333333334,106.92373333333333,-6.08942,106.923675,0.0,0.0,4.094288305268867,0
525010318,525021391,2024-06-29 10:00:08+00:00,-6.089088333333334,106.92373333333333,-6.08942,106.923675,0.0,0.0,4.094288305268867,0
525010318,525021391,2024-06-29 11:30:08+00:00,-6.089083333333333,106.923725,-6.08944,106.92368,0.0,0.0,0.03997041187639853,0
525501479,525701460,2024-06-29 14:30:05+00:00,-6.09531,106.95857833333334,-6.095691666666666,106.95856666666667,0.2,0.1,0.042458996248693245,0
525501479,525701460,2024-06-29 16:00:04+00:00,-6.095396666666667,106.95850666666666,-6.095678333333334,106.95856666666667,0.1,0.0,8.99821395228885,0
525501479,525701460,2024-06-29 16:00:04+00:00,-6.095396666666667,106.95850666666666,-6.095678333333334,106.95856666666667,0.1,0.0,8.99821395228885,0
525010318,525021391,2024-06-29 16:30:09+00:00,-6.089083333333333,106.92374833333334,-6.089425,106.92370166666667,0.0,0.0,0.038340388591666295,0
525004013,525016647,2024-06-29 17:00:00+00:00,-6.0957,106.95699166666667,-6.0953333333333335,106.95716666666667,0.0,0.2,0.04512981840177174,0
525004013,525016647,2024-06-29 17:00:00+00:00,-6.0957,106.95699166666667,-6.0953333333333335,106.95716666666667,0.0,0.2,0.04512981840177174,0
525010318,525021391,2024-06-29 17:30:09+00:00,-6.08908,106.92373,-6.089405,106.92369,0.0,0.0,10.379105215860266,0
525010318,525021391,2024-06-29 18:30:09+00:00,-6.089096666666666,106.92366333333334,-6.089435,106.92366833333334,0.0,0.0,4.09665637925566,0
525301949,525900050,2024-06-29 19:00:06+00:00,-6.080146666666667,106.929985,-6.080141666666667,106.93015666666666,0.2,0.1,0.018989225049372633,0
525301949,525900050,2024-06-29 19:00:06+00:00,-6.080146666666667,106.929985,-6.080141666666667,106.93015666666666,0.2,0.1,0.018989225049372633,0
525010182,525015092,2024-06-30 00:00:00+00:00,-6.094523333333333,106.95680833333333,-6.094588333333333,106.95671166666666,0.0,0.1,8.388853905259328,0
525010182,525015092,2024-06-30 00:00:00+00:00,-6.094523333333333,106.95680833333333,-6.094588333333333,106.95671166666666,0.0,0.1,8.388853905259328,0
525501479,525701460,2024-06-30 02:30:03+00:00,-6.095418333333333,106.958565,-6.09569,106.95854666666666,0.0,0.0,0.030275889301113877,0
525501479,525701460,2024-06-30 04:30:00+00:00,-6.09539,106.95852166666667,-6.095676666666667,106.95854666666666,0.0,0.0,0.03199550313319317,0
525006218,525010182,2024-06-30 05:00:04+00:00,-6.095895,106.956955,-6.096328333333333,106.95692166666667,0.0,0.0,8.283541588040501,0
525006218,525010182,2024-06-30 05:00:04+00:00,-6.095895,106.956955,-6.096328333333333,106.95692166666667,0.0,0.0,8.283541588040501,0
525501479,525701460,2024-06-30 05:30:00+00:00,-6.095358333333333,106.95852333333333,-6.095671666666667,106.95854666666666,0.0,0.0,7.536966441372897,0
525501479,525701460,2024-06-30 06:30:01+00:00,-6.09537,106.95855,-6.095678333333334,106.95854666666666,0.0,0.0,0.03428708324639532,0
525006377,525701460,2024-06-30 07:30:12+00:00,-6.095425,106.95838166666667,-6.095671666666667,106.95854666666666,0.0,0.0,0.0329411972426102,0
525501479,525701460,2024-06-30 11:30:01+00:00,-6.095383333333333,106.95856333333333,-6.095696666666667,106.95856666666667,0.0,0.0,0.03484302627173746,0
525501479,525701460,2024-06-30 16:31:39+00:00,-6.095388333333333,106.95858833333334,-6.095703333333334,106.95858,0.0,0.0,5.77842268101027,0
525501479,525701460,2024-06-30 19:30:00+00:00,-6.09537,106.95857166666667,-6.095698333333333,106.95854666666666,0.0,0.0,0.03661349079692316,0
525010182,525500598,2024-07-01 00:30:36+00:00,-6.094423333333333,106.95679166666666,-6.094626666666667,106.956435,0.0,0.0,0.04545705839394208,0
525300027,525500034,2024-07-01 21:00:01+00:00,-6.10589,106.905735,-6.10546,106.905695,0.0,0.0,5.943851457471187,0
525300027,525500034,2024-07-01 21:00:01+00:00,-6.10589,106.905735,-6.10546,106.905695,0.0,0.0,5.943851457471187,0
525011054,525500505,2024-07-01 21:30:03+00:00,-6.097408333333333,106.90538,-6.097305,106.905415,0.0,0.0,4.142430359709369,0
525003343,525020039,2024-07-02 01:00:04+00:00,-6.095038333333333,106.95710833333334,-6.095213333333334,106.95700166666667,0.0,0.0,8.185509893407477,0
525003343,525020039,2024-07-02 01:00:04+00:00,-6.095038333333333,106.95710833333334,-6.095213333333334,106.95700166666667,0.0,0.0,8.185509893407477,0
525003343,525020039,2024-07-02 06:00:05+00:00,-6.095075,106.95706,-6.0952,106.957,0.0,0.0,8.134022811783876,0
525003343,525020039,2024-07-02 06:00:05+00:00,-6.095075,106.95706,-6.0952,106.957,0.0,0.0,8.134022811783876,0
525020039,525104011,2024-07-02 12:00:04+00:00,-6.096293333333334,106.95698166666666,-6.0960616666666665,106.95708833333333,0.0,0.1,0.02833156484344027,0
525020039,525104011,2024-07-02 12:00:04+00:00,-6.096293333333334,106.95698166666666,-6.0960616666666665,106.95708833333333,0.0,0.1,0.02833156484344027,0
525020039,525104011,2024-07-02 12:30:03+00:00,-6.096298333333333,106.95696333333333,-6.096053333333334,106.95707333333333,0.0,0.1,0.1702960977152198,0
525020039,525104011,2024-07-02 13:00:03+00:00,-6.096285,106.95698,-6.0960133333333335,106.95709666666667,0.0,0.4,0.16860375436002079,0
525020039,525104011,2024-07-02 13:00:03+00:00,-6.096285,106.95698,-6.0960133333333335,106.95709666666667,0.0,0.4,0.16860375436002079,0
525003343,525020039,2024-07-02 13:30:04+00:00,-6.096298333333333,106.95713,-6.09627,106.957015,0.0,0.0,2.944825304500513,0
525020039,525104011,2024-07-02 16:00:03+00:00,-6.096293333333334,106.956985,-6.096048333333333,106.95707333333333,0.0,0.1,0.028940555237238687,0
525020039,525104011,2024-07-02 16:00:03+00:00,-6.096293333333334,106.956985,-6.096048333333333,106.95707333333333,0.0,0.1,0.028940555237238687,0
525023080,525201201,2024-07-02 21:00:06+00:00,-6.104168333333333,106.88248666666667,-6.10378,106.88247333333334,0.0,0.0,0.04320585374652502,0
525023080,525201201,2024-07-02 21:00:06+00:00,-6.104168333333333,106.88248666666667,-6.10378,106.88247333333334,0.0,0.0,0.04320585374652502,0
525119145,525201201,2024-07-03 08:30:07+00:00,-6.099,106.90605,-6.099248333333334,106.90618333333333,0.0,0.0,0.03130221756094287,0
525004013,525010182,2024-07-03 11:00:10+00:00,-6.094681666666666,106.95723666666666,-6.094576666666667,106.956815,0.0,0.1,2.654877909986629,0
525004013,525010182,2024-07-03 11:00:10+00:00,-6.094681666666666,106.95723666666666,-6.094576666666667,106.956815,0.0,0.1,2.654877909986629,0
525005005,525015699,2024-07-04 09:00:04+00:00,-6.103748333333334,106.90902666666666,-6.103306666666667,106.90908333333333,0.0,0.0,2.8185233757531134,0
525005005,525015699,2024-07-04 09:00:04+00:00,-6.103748333333334,106.90902666666666,-6.103306666666667,106.90908333333333,0.0,0.0,2.8185233757531134,0
525014077,525014078,2024-07-04 11:00:07+00:00,-6.092993333333333,106.87820666666667,-6.093031666666667,106.87834,0.0,0.0,7.695173718024344,0
525014077,525014078,2024-07-04 11:00:07+00:00,-6.092993333333333,106.87820666666667,-6.093031666666667,106.87834,0.0,0.0,7.695173718024344,0
525014077,525014078,2024-07-04 12:00:08+00:00,-6.092966666666666,106.87824,-6.093018333333333,106.87832,0.0,0.0,0.010547318335595185,0
525014077,525014078,2024-07-04 12:00:08+00:00,-6.092966666666666,106.87824,-6.093018333333333,106.87832,0.0,0.0,0.010547318335595185,0
525014077,525014078,2024-07-04 12:30:07+00:00,-6.092938333333334,106.87822,-6.093006666666667,106.87834,0.0,0.0,0.01528969135317637,0
525014077,525014078,2024-07-04 13:30:07+00:00,-6.092981666666667,106.87825333333333,-6.093003333333334,106.87834,0.0,0.0,7.696878963530225,0
525014077,525014078,2024-07-04 14:30:08+00:00,-6.092965,106.87824,-6.092993333333333,106.87829333333333,0.0,0.0,8.67856833998977,0
525015795,525019671,2024-07-07 04:01:41+00:00,-6.104346666666666,106.90716166666667,-6.10469,106.907205,0.0,0.0,0.038476388325507135,0
525015795,525019671,2024-07-07 04:01:41+00:00,-6.104346666666666,106.90716166666667,-6.10469,106.907205,0.0,0.0,0.038476388325507135,0
525002107,525100932,2024-07-08 10:00:03+00:00,-6.076668333333333,106.97170333333334,-6.076591666666666,106.97148666666666,0.1,0.0,3.741946062454293,0
525002107,525100932,2024-07-08 10:00:03+00:00,-6.076668333333333,106.97170333333334,-6.076591666666666,106.97148666666666,0.1,0.0,3.741946062454293,0
525015795,525019671,2024-07-09 00:01:42+00:00,-6.104356666666667,106.90719166666666,-6.104715,106.907205,0.0,0.0,0.03987211069259198,0
525015795,525019671,2024-07-09 00:01:42+00:00,-6.104356666666667,106.90719166666666,-6.104715,106.907205,0.0,0.0,0.03987211069259198,0
525015795,525019671,2024-07-09 00:31:42+00:00,-6.104353333333333,106.90720166666667,-6.10471,106.907205,0.0,0.0,0.03966123622093539,0
525014078,525021168,2024-07-09 11:30:02+00:00,-6.093021666666667,106.87838666666667,-6.093086666666666,106.878455,0.0,0.1,0.6436956863660205,0
525010182,525500598,2024-07-09 21:30:16+00:00,-6.0945833333333335,106.95683333333334,-6.094825,106.95649166666666,0.1,0.0,3.296567508554976,0
525006345,525023365,2024-07-10 07:00:02+00:00,-6.106368333333333,106.883735,-6.106025,106.88375166666667,0.1,0.1,8.285355483688294,0
525006345,525023365,2024-07-10 07:00:02+00:00,-6.106368333333333,106.883735,-6.106025,106.88375166666667,0.1,0.1,8.285355483688294,0
525005005,525023080,2024-07-10 12:00:05+00:00,-6.104823333333333,106.88247333333334,-6.104403333333333,106.882445,0.0,0.0,6.7419898987940865,0
525005005,525023080,2024-07-10 12:00:05+00:00,-6.104823333333333,106.88247333333334,-6.104403333333333,106.882445,0.0,0.0,6.7419898987940865,0
525025089,525501897,2024-07-10 15:30:00+00:00,-6.10318,106.88806833333334,-6.103293333333333,106.88778333333333,0.0,0.0,0.5998931567652805,0
525014077,525014078,2024-07-10 16:02:42+00:00,-6.092981666666667,106.87820666666667,-6.092978333333333,106.87837333333333,0.0,0.0,6.397215324654249,0
525014077,525014078,2024-07-10 16:02:42+00:00,-6.092981666666667,106.87820666666667,-6.092978333333333,106.87837333333333,0.0,0.0,6.397215324654249,0
518998991,525201201,2024-07-11 02:00:16+00:00,-6.100805,106.88705333333333,-6.100985,106.88718166666666,0.0,0.0,11.517116054716318,0
518998991,525201201,2024-07-11 02:00:16+00:00,-6.100805,106.88705333333333,-6.100985,106.88718166666666,0.0,0.0,11.517116054716318,0
525021134,525601080,2024-07-11 09:35:56+00:00,-6.106671666666666,106.89103333333334,-6.106708333333334,106.89144,0.0,0.0,0.0451471510940477,0
525010182,525015092,2024-07-11 17:00:03+00:00,-6.0944666666666665,106.9568,-6.094433333333333,106.95686666666667,0.1,0.0,8.67866179884653,0
525010182,525015092,2024-07-11 17:00:03+00:00,-6.0944666666666665,106.9568,-6.094433333333333,106.95686666666667,0.1,0.0,8.67866179884653,0
525010182,525015092,2024-07-11 17:30:04+00:00,-6.09448,106.95676666666667,-6.09445,106.95686666666667,0.0,0.1,10.403362479071872,0
525019132,525023365,2024-07-12 01:30:01+00:00,-6.103795,106.90629166666666,-6.103553333333333,106.90613666666667,0.3,0.0,9.77989159278369,0
525006345,525023365,2024-07-12 19:00:04+00:00,-6.105956666666667,106.88381333333334,-6.1056333333333335,106.883795,0.0,0.0,7.829722606385803,0
525006345,525023365,2024-07-12 19:00:04+00:00,-6.105956666666667,106.88381333333334,-6.1056333333333335,106.883795,0.0,0.0,7.829722606385803,0
525019623,525021299,2024-07-13 16:00:04+00:00,-6.095251666666667,106.958425,-6.095483333333333,106.95857333333333,0.1,0.1,4.3385401594797,0
525019623,525021299,2024-07-13 16:00:04+00:00,-6.095251666666667,106.958425,-6.095483333333333,106.95857333333333,0.1,0.1,4.3385401594797,0
525002107,525100115,2024-07-13 20:30:03+00:00,-6.0766583333333335,106.97181,-6.076505,106.971525,0.1,0.2,6.242547530683793,0
525019623,525021299,2024-07-14 02:30:04+00:00,-6.095218333333333,106.958425,-6.095485,106.958715,0.0,0.2,2.995452572178746,0
525019623,525021299,2024-07-14 04:00:04+00:00,-6.095208333333333,106.95843833333333,-6.095571666666666,106.958695,0.0,0.2,10.148021910433544,0
525019623,525021299,2024-07-14 04:00:04+00:00,-6.095208333333333,106.95843833333333,-6.095571666666666,106.958695,0.0,0.2,10.148021910433544,0
525005398,525300027,2024-07-14 13:02:36+00:00,-6.104135,106.87758,-6.104021666666666,106.877805,0.0,0.2,4.766246826049685,0
525005398,525300027,2024-07-14 13:02:36+00:00,-6.104135,106.87758,-6.104021666666666,106.877805,0.0,0.2,4.766246826049685,0
525011054,525500505,2024-07-15 02:00:08+00:00,-6.097418333333334,106.90539666666666,-6.097305,106.90540666666666,0.0,0.0,1.5890229413989474,0
525011054,525500505,2024-07-15 02:00:08+00:00,-6.097418333333334,106.90539666666666,-6.097305,106.90540666666666,0.0,0.0,1.5890229413989474,0
525011054,525500505,2024-07-15 03:30:08+00:00,-6.097391666666667,106.90541,-6.0973033333333335,106.90542166666667,0.0,0.0,1.0675695713415791,0
525101627,525300136,2024-07-15 19:00:02+00:00,-6.106186666666667,106.9564,-6.1061,106.956465,0.0,0.1,6.234479391649803,0
525101627,525300136,2024-07-15 19:00:02+00:00,-6.106186666666667,106.9564,-6.1061,106.956465,0.0,0.1,6.234479391649803,0
525006345,525023365,2024-07-17 08:30:05+00:00,-6.105975,106.883785,-6.106258333333333,106.88375333333333,0.0,0.0,1.2929451625821153,0
525023080,525201201,2024-07-17 12:30:07+00:00,-6.106525,106.89103333333334,-6.1063833333333335,106.89099833333333,0.0,0.0,8.28991754079787,0
525006345,525023365,2024-07-17 19:00:05+00:00,-6.105001666666666,106.88379166666667,-6.104683333333333,106.88381333333334,0.1,0.0,2.8962514298773394,0
525023080,525501897,2024-07-17 19:00:07+00:00,-6.106546666666667,106.89095166666667,-6.106428333333334,106.89089666666666,0.0,0.0,0.8000283279499185,0
525006345,525023365,2024-07-17 19:00:05+00:00,-6.105001666666666,106.88379166666667,-6.104683333333333,106.88381333333334,0.1,0.0,2.8962514298773394,0
525023080,525501897,2024-07-17 19:00:07+00:00,-6.106546666666667,106.89095166666667,-6.106428333333334,106.89089666666666,0.0,0.0,0.8000283279499185,0
525023080,525501897,2024-07-17 21:30:07+00:00,-6.106561666666667,106.890985,-6.106443333333333,106.89089333333334,0.0,0.0,5.911975345089611,0
525023080,525501897,2024-07-17 22:00:08+00:00,-6.106543333333334,106.89095166666667,-6.106455,106.890865,0.0,0.0,0.013722054460051243,0
525023080,525501897,2024-07-17 22:00:08+00:00,-6.106543333333334,106.89095166666667,-6.106455,106.890865,0.0,0.0,0.013722054460051243,0
525021339,666543210,2024-07-18 23:06:48+00:00,-6.108676666666667,106.87812,-6.108748333333334,106.87822833333334,0.0,0.0,0.01438645789527796,0
525021339,666543210,2024-07-18 23:06:48+00:00,-6.108676666666667,106.87812,-6.108748333333334,106.87822833333334,0.0,0.0,0.01438645789527796,0
525015268,525201201,2024-07-19 02:30:08+00:00,-6.10636,106.88288333333334,-6.1063833333333335,106.88318833333334,0.0,0.0,5.6269161467891085,0
525006345,525023365,2024-07-20 00:00:05+00:00,-6.10568,106.88374166666667,-6.105315,106.88375666666667,0.1,0.0,2.9883086756976223,0
525006345,525023365,2024-07-20 00:00:05+00:00,-6.10568,106.88374166666667,-6.105315,106.88375666666667,0.1,0.0,2.9883086756976223,0
525003343,525020039,2024-07-20 15:00:05+00:00,-6.095915,106.957015,-6.096333333333333,106.95695,0.0,0.0,8.330369838556363,0
525003343,525020039,2024-07-20 15:00:05+00:00,-6.095915,106.957015,-6.096333333333333,106.95695,0.0,0.0,8.330369838556363,0
525006345,525201201,2024-07-20 19:30:07+00:00,-6.106418333333333,106.88371333333333,-6.106421666666667,106.88343,0.0,0.0,0.2139633798466784,0
525025104,525500034,2024-07-22 16:00:10+00:00,-6.098685,106.8827,-6.098436666666666,106.88283833333334,0.0,0.0,8.223876442840405,0
525025104,525500034,2024-07-22 16:00:10+00:00,-6.098685,106.8827,-6.098436666666666,106.88283833333334,0.0,0.0,8.223876442840405,0
525010182,525600429,2024-07-23 16:00:04+00:00,-6.08345,106.96136666666666,-6.083395,106.96143666666667,0.1,0.0,11.222811324701972,0
525010182,525600429,2024-07-23 16:00:04+00:00,-6.08345,106.96136666666666,-6.083395,106.96143666666667,0.1,0.0,11.222811324701972,0
525016370,525016399,2024-07-23 18:30:18+00:00,-6.087255,106.93501666666667,-6.08714,106.93501833333333,0.0,0.0,0.012788744327946055,0
525300656,525501479,2024-07-23 20:00:07+00:00,-6.09533,106.95854666666666,-6.095288333333333,106.9585,0.0,0.1,0.006934619667730624,0
525300656,525501479,2024-07-23 20:00:07+00:00,-6.09533,106.95854666666666,-6.095288333333333,106.9585,0.0,0.1,0.006934619667730624,0
525021299,525501479,2024-07-23 21:00:01+00:00,-6.095548333333333,106.95878833333333,-6.09532,106.95843666666667,0.2,0.1,7.571437600309235,0
525021299,525501479,2024-07-23 21:00:01+00:00,-6.095548333333333,106.95878833333333,-6.09532,106.95843666666667,0.2,0.1,7.571437600309235,0
525021299,525501479,2024-07-23 21:30:01+00:00,-6.095471666666667,106.958725,-6.095338333333333,106.958475,0.3,0.2,7.565501858379517,0
200000000,525500034,2024-07-25 09:30:01+00:00,-6.10171,106.907455,-6.10196,106.90737666666666,0.0,0.0,0.5528901775383299,0
525006218,525200307,2024-07-25 13:30:07+00:00,-6.096236666666667,106.95693333333334,-6.095796666666667,106.95697,0.0,0.0,3.3247777218960883,0
525201201,525501897,2024-07-26 01:30:07+00:00,-6.098945,106.89104,-6.099335,106.89098666666666,0.0,0.0,0.04376510463467327,0
525019391,525300093,2024-07-26 20:00:00+00:00,-6.112213333333333,106.86717333333333,-6.111903333333333,106.86738166666666,0.0,0.0,12.209754577874332,0
525019391,525300093,2024-07-26 20:00:00+00:00,-6.112213333333333,106.86717333333333,-6.111903333333333,106.86738166666666,0.0,0.0,12.209754577874332,0
525015092,525020039,2024-07-26 22:27:48+00:00,-6.09455,106.9568,-6.0945116666666665,106.95722666666667,0.1,0.2,4.238275283479919,0
525019391,525300093,2024-07-26 22:36:17+00:00,-6.112213333333333,106.86718666666667,-6.111895,106.86737666666667,0.0,0.0,8.12622458634324,0
525006227,525010293,2024-07-28 13:02:30+00:00,-6.095236666666667,106.95704666666667,-6.095318333333333,106.95713,0.0,0.0,0.012936703142088238,0
525006227,525010293,2024-07-28 13:02:30+00:00,-6.095236666666667,106.95704666666667,-6.095318333333333,106.95713,0.0,0.0,0.012936703142088238,0
525006227,525010293,2024-07-28 14:32:30+00:00,-6.095256666666667,106.95704166666667,-6.09533,106.95714,0.0,0.0,0.013590459434920267,0
525006227,525010293,2024-07-28 15:35:30+00:00,-6.0952633333333335,106.95706,-6.095341666666667,106.95713333333333,0.0,0.0,4.1204039460807245,0
525023365,525201201,2024-07-30 19:00:06+00:00,-6.10606,106.88376333333333,-6.10642,106.883595,0.0,0.0,0.04414529416060923,0
525023365,525201201,2024-07-30 19:00:06+00:00,-6.10606,106.88376333333333,-6.10642,106.883595,0.0,0.0,0.04414529416060923,0
525018427,525023080,2024-07-31 10:00:08+00:00,-6.099065,106.905945,-6.099338333333334,106.906165,0.0,0.2,14.805621023858466,0
525018427,525023080,2024-07-31 10:00:08+00:00,-6.099065,106.905945,-6.099338333333334,106.906165,0.0,0.2,14.805621023858466,0
525023365,525201201,2024-07-31 15:00:06+00:00,-6.10554,106.88381333333334,-6.10596,106.88379,0.0,0.0,0.0467730703438013,0
525023365,525201201,2024-07-31 15:00:06+00:00,-6.10554,106.88381333333334,-6.10596,106.88379,0.0,0.0,0.0467730703438013,0
525100846,525500370,2024-08-01 12:00:07+00:00,-6.095048333333334,106.95709333333333,-6.094721666666667,106.95680833333333,0.1,0.0,0.04808720296512509,0
525100846,525500370,2024-08-01 12:00:07+00:00,-6.095048333333334,106.95709333333333,-6.094721666666667,106.95680833333333,0.1,0.0,0.04808720296512509,0
525020039,525500370,2024-08-01 16:30:07+00:00,-6.094528333333334,106.95719166666667,-6.094681666666666,106.95681333333333,0.0,0.0,2.8902787672441748,0
525020039,525500370,2024-08-01 18:00:07+00:00,-6.094546666666667,106.95719,-6.094691666666667,106.95680166666666,0.0,0.0,0.04586408553475366,0
525020039,525500370,2024-08-01 18:00:07+00:00,-6.094546666666667,106.95719,-6.094691666666667,106.95680166666666,0.0,0.0,0.04586408553475366,0
525023365,525201201,2024-08-01 19:30:07+00:00,-6.10549,106.88379833333333,-6.105045,106.88378166666666,0.0,0.0,9.689788720705822,0
525016650,563021300,2024-08-01 23:30:44+00:00,-6.098051666666667,106.90974666666666,-6.098333333333334,106.909815,0.0,0.0,3.3335974790846166,0
525020039,525500370,2024-08-02 10:00:07+00:00,-6.094553333333334,106.95718166666667,-6.094721666666667,106.95677833333333,0.1,0.0,2.789880819407247,0
525020039,525500370,2024-08-02 10:00:07+00:00,-6.094553333333334,106.95718166666667,-6.094721666666667,106.95677833333333,0.1,0.0,2.789880819407247,0
525201010,525201201,2024-08-02 11:00:07+00:00,-6.106405,106.88354666666666,-6.106403333333334,106.88320166666666,0.0,0.0,3.559220856494972,0
525201010,525201201,2024-08-02 11:00:07+00:00,-6.106405,106.88354666666666,-6.106403333333334,106.88320166666666,0.0,0.0,3.559220856494972,0
525010182,525015092,2024-08-02 17:00:11+00:00,-6.0941833333333335,106.95671666666667,-6.094516666666666,106.9567,0.0,0.0,0.22961098062735588,0
525010182,525015092,2024-08-02 17:00:11+00:00,-6.0941833333333335,106.95671666666667,-6.094516666666666,106.9567,0.0,0.0,0.22961098062735588,0
352003636,525900895,2024-08-02 19:05:27+00:00,-6.02277,106.95108333333333,-6.022858333333334,106.95102833333333,0.0,0.0,0.011552759635958832,0
352003636,525900895,2024-08-02 19:05:27+00:00,-6.02277,106.95108333333333,-6.022858333333334,106.95102833333333,0.0,0.0,0.011552759635958832,0
525016334,525924924,2024-08-03 02:00:06+00:00,-6.0567,106.95457666666667,-6.056695,106.95482833333334,0.0,0.0,4.237134558695953,0
525016334,525924924,2024-08-03 02:00:06+00:00,-6.0567,106.95457666666667,-6.056695,106.95482833333334,0.0,0.0,4.237134558695953,0
525003166,525004013,2024-08-03 17:30:36+00:00,-6.095728333333334,106.95722,-6.0957333333333334,106.95699833333333,0.0,0.0,7.602898992894287,0
525500370,525500598,2024-08-04 06:30:19+00:00,-6.094696666666667,106.95677333333333,-6.0950283333333335,106.95652833333334,0.0,0.0,0.045759260299250155,0
525005334,525500370,2024-08-04 09:00:07+00:00,-6.094493333333333,106.95719166666667,-6.094703333333333,106.95679666666666,0.1,0.0,15.992071600919495,0
525005334,525500370,2024-08-04 09:00:07+00:00,-6.094493333333333,106.95719166666667,-6.094703333333333,106.95679666666666,0.1,0.0,15.992071600919495,0
525010182,525500598,2024-08-04 18:00:06+00:00,-6.094516666666666,106.95668333333333,-6.094846666666666,106.95653333333334,0.0,0.0,4.738613933853663,0
525010182,525500598,2024-08-04 18:00:06+00:00,-6.094516666666666,106.95668333333333,-6.094846666666666,106.95653333333334,0.0,0.0,4.738613933853663,0
525010182,525500370,2024-08-04 19:00:09+00:00,-6.0944666666666665,106.95663333333333,-6.094685,106.9568,0.1,0.0,0.030479198658742518,0
525010182,525500370,2024-08-04 19:00:09+00:00,-6.0944666666666665,106.95663333333333,-6.094685,106.9568,0.1,0.0,0.030479198658742518,0
477798500,525021359,2024-08-04 23:00:08+00:00,-6.003938333333333,106.91407,-6.004051666666666,106.91430333333334,0.0,0.1,7.391293913047178,0
477798500,525021359,2024-08-04 23:00:08+00:00,-6.003938333333333,106.91407,-6.004051666666666,106.91430333333334,0.0,0.1,7.391293913047178,0
525006345,525023365,2024-08-05 10:30:05+00:00,-6.106376666666667,106.88375666666667,-6.106045,106.88376333333333,0.0,0.0,3.9543063189039303,0
525010182,525500370,2024-08-05 21:00:18+00:00,-6.094516666666666,106.95668333333333,-6.094675,106.956805,0.1,0.0,0.022156928705971825,0
525010182,525500370,2024-08-05 21:00:18+00:00,-6.094516666666666,106.95668333333333,-6.094675,106.956805,0.1,0.0,0.022156928705971825,0
525500370,525700563,2024-08-06 23:30:19+00:00,-6.094715,106.95678333333333,-6.095011666666666,106.95709166666667,0.0,0.0,0.04743852725808078,0
525500370,525700563,2024-08-07 00:00:18+00:00,-6.094725,106.956775,-6.0950066666666665,106.95712166666667,0.0,0.0,0.0494984949554735,0
525500370,525700563,2024-08-07 00:00:18+00:00,-6.094725,106.956775,-6.0950066666666665,106.95712166666667,0.0,0.0,0.0494984949554735,0
525010182,525500370,2024-08-07 03:30:01+00:00,-6.094366666666667,106.95663333333333,-6.094713333333333,106.956795,0.1,0.0,8.839197386938311,0
525018128,525500030,2024-08-10 16:02:56+00:00,-6.100601666666667,106.9544,-6.100913333333334,106.95418,0.0,0.0,0.04234022481705054,0
525018128,525500030,2024-08-10 16:02:56+00:00,-6.100601666666667,106.9544,-6.100913333333334,106.95418,0.0,0.0,0.04234022481705054,0
525021177,525021339,2024-08-12 02:00:05+00:00,-6.082385,106.93002333333334,-6.082283333333334,106.92996333333333,0.0,0.1,0.09416965143812407,0
525021177,525021339,2024-08-12 02:00:05+00:00,-6.082385,106.93002333333334,-6.082283333333334,106.92996333333333,0.0,0.1,0.09416965143812407,0
525200307,525700563,2024-08-12 03:30:29+00:00,-6.09527,106.95703833333333,-6.095011666666666,106.95709166666667,0.0,0.2,0.029324378443154397,0
525021339,525021359,2024-08-13 00:30:03+00:00,-6.084085,106.928455,-6.08403,106.92854,0.0,0.1,0.01121297006701004,0
525018274,525701629,2024-08-13 05:30:10+00:00,-6.09648,106.95823333333334,-6.096188333333333,106.95853333333334,0.0,0.0,11.446955756616822,0
431546000,525501897,2024-08-13 14:33:36+00:00,-6.098866666666667,106.91663333333334,-6.098768333333333,106.91668166666666,0.0,0.2,0.012170225670778637,0
525500370,525500598,2024-08-13 14:33:42+00:00,-6.094773333333333,106.95685166666667,-6.094875,106.956505,0.1,0.0,0.039962028512431774,0
525018274,525701629,2024-08-14 00:30:11+00:00,-6.096503333333334,106.95827833333334,-6.096203333333333,106.95858,0.0,0.0,8.108166195551721,0
525021134,525899371,2024-08-14 02:01:03+00:00,-6.106716666666666,106.89103666666666,-6.106605,106.89130166666666,0.0,0.0,0.031821908154703,0
525021134,525899371,2024-08-14 02:01:03+00:00,-6.106716666666666,106.89103666666666,-6.106605,106.89130166666666,0.0,0.0,0.031821908154703,0
525020039,525500370,2024-08-14 08:00:03+00:00,-6.094508333333334,106.95718666666667,-6.094695,106.956795,0.0,0.0,0.048022569936035056,0
525020039,525500370,2024-08-14 08:00:03+00:00,-6.094508333333334,106.95718666666667,-6.094695,106.956795,0.0,0.0,0.048022569936035056,0
525701629,525701630,2024-08-14 20:00:06+00:00,-6.0961316666666665,106.95853333333334,-6.096023333333333,106.95854666666666,0.1,0.0,0.012135989726723227,0
525701629,525701630,2024-08-14 20:00:06+00:00,-6.0961316666666665,106.95853333333334,-6.096023333333333,106.95854666666666,0.1,0.0,0.012135989726723227,0
525300431,525401142,2024-08-19 21:00:11+00:00,-6.106015,106.95641,-6.1060783333333335,106.95642833333333,0.0,0.0,0.007328259724534847,0
525300431,525401142,2024-08-19 21:00:11+00:00,-6.106015,106.95641,-6.1060783333333335,106.95642833333333,0.0,0.0,0.007328259724534847,0
525010182,525500370,2024-08-20 10:00:05+00:00,-6.094525,106.95663333333333,-6.094713333333333,106.95677666666667,0.0,0.0,8.481051866838737,0
525010182,525500370,2024-08-20 10:00:05+00:00,-6.094525,106.95663333333333,-6.094713333333333,106.95677666666667,0.0,0.0,8.481051866838737,0
525003166,525003343,2024-08-20 16:00:06+00:00,-6.09577,106.95703,-6.095331666666667,106.95703833333333,0.0,0.0,3.31374728589066,0
525500370,525500598,2024-08-20 16:00:06+00:00,-6.09467,106.9568,-6.094835,106.95642666666667,0.0,0.0,3.31374728589066,0
525003343,525020039,2024-08-20 16:00:06+00:00,-6.095331666666667,106.95703833333333,-6.095268333333333,106.95712333333333,0.0,0.0,3.31374728589066,0
525003166,525003343,2024-08-20 16:00:06+00:00,-6.09577,106.95703,-6.095331666666667,106.95703833333333,0.0,0.0,3.31374728589066,0
525500370,525500598,2024-08-20 16:00:06+00:00,-6.09467,106.9568,-6.094835,106.95642666666667,0.0,0.0,3.31374728589066,0
525003343,525020039,2024-08-20 16:00:06+00:00,-6.095331666666667,106.95703833333333,-6.095268333333333,106.95712333333333,0.0,0.0,3.31374728589066,0
525010182,525500598,2024-08-21 04:30:14+00:00,-6.094518333333333,106.956655,-6.094808333333333,106.95641833333333,0.0,0.0,0.07798813270126757,0
525023080,525899371,2024-08-23 00:00:03+00:00,-6.106556666666667,106.89098333333334,-6.106696666666667,106.89128,0.0,0.0,5.153525286673621,0
525023080,525899371,2024-08-23 00:00:03+00:00,-6.106556666666667,106.89098333333334,-6.106696666666667,106.89128,0.0,0.0,5.153525286673621,0
525023080,525899371,2024-08-23 03:00:03+00:00,-6.10658,106.890935,-6.106646666666666,106.891305,0.0,0.0,8.810488071438336,0
525023080,525899371,2024-08-23 03:00:03+00:00,-6.10658,106.890935,-6.106646666666666,106.891305,0.0,0.0,8.810488071438336,0
525021134,525900926,2024-08-24 21:35:15+00:00,-6.106558333333333,106.89102666666666,-6.10646,106.89095333333333,0.0,0.0,0.013612351439374377,0
477174300,525300027,2024-08-25 13:00:19+00:00,-6.098465,106.912895,-6.098415,106.91319,0.0,0.0,5.704731309436235,0
477174300,525300027,2024-08-25 13:00:19+00:00,-6.098465,106.912895,-6.098415,106.91319,0.0,0.0,5.704731309436235,0
525006345,525020075,2024-08-28 07:30:06+00:00,-6.096975,106.901485,-6.097103333333333,106.90148,0.2,0.1,6.3285082672029604,0
525016718,525101451,2024-08-30 21:00:13+00:00,-6.095526666666666,106.95712666666667,-6.095545,106.95697,0.0,0.0,5.985257517240823,0
525016718,525101451,2024-08-30 21:00:13+00:00,-6.095526666666666,106.95712666666667,-6.095545,106.95697,0.0,0.0,5.985257517240823,0
525010182,525020039,2024-08-31 00:00:00+00:00,-6.094566666666666,106.9568,-6.094533333333334,106.95720166666666,0.0,0.0,9.415561322461377,0
525010182,525020039,2024-08-31 00:00:00+00:00,-6.094566666666666,106.9568,-6.094533333333334,106.95720166666666,0.0,0.0,9.415561322461377,0
525010182,525016718,2024-08-31 05:00:01+00:00,-6.096333333333333,106.95691666666667,-6.0959916666666665,106.956975,0.0,0.0,8.566532450683932,0
525010182,525016718,2024-08-31 05:00:01+00:00,-6.096333333333333,106.95691666666667,-6.0959916666666665,106.956975,0.0,0.0,8.566532450683932,0
525010182,525016718,2024-08-31 05:30:01+00:00,-6.096316666666667,106.95691666666667,-6.095981666666667,106.956965,0.0,0.0,9.111744005062054,0
525016718,525101451,2024-08-31 06:00:02+00:00,-6.096,106.95697,-6.095578333333333,106.95705666666667,0.0,0.0,9.71460369343771,0
525016718,525101451,2024-08-31 06:00:02+00:00,-6.096,106.95697,-6.095578333333333,106.95705666666667,0.0,0.0,9.71460369343771,0
525006377,525021171,2024-08-31 17:31:23+00:00,-6.095466666666667,106.95864166666667,-6.095458333333333,106.958555,0.0,0.0,0.18129339068354428,0
525016334,525501964,2024-08-31 19:30:48+00:00,-6.05347,106.95034333333334,-6.053481666666666,106.95039833333334,0.0,0.0,4.166304631958543,0
100000000,525021403,2024-09-02 00:30:30+00:00,-6.074223333333333,106.95257333333333,-6.07424,106.952445,0.0,0.0,0.014310407079083579,0
525006377,525021171,2024-09-02 08:00:02+00:00,-6.09548,106.958635,-6.09548,106.95854333333334,0.0,0.0,7.541286071474728,0
525006377,525021171,2024-09-02 08:00:02+00:00,-6.09548,106.958635,-6.09548,106.95854333333334,0.0,0.0,7.541286071474728,0
525105005,525201201,2024-09-02 13:00:07+00:00,-6.106441666666667,106.88318333333333,-6.106415,106.883625,0.0,0.0,0.0489223804114676,0
525105005,525201201,2024-09-02 13:00:07+00:00,-6.106441666666667,106.88318333333333,-6.106415,106.883625,0.0,0.0,0.0489223804114676,0
525016187,525500696,2024-09-04 03:00:11+00:00,-6.105725,106.88367833333334,-6.106066666666667,106.88356166666667,0.0,0.0,8.206980239163128,0
525016187,525500696,2024-09-04 03:00:11+00:00,-6.105725,106.88367833333334,-6.106066666666667,106.88356166666667,0.0,0.0,8.206980239163128,0
525114099,525114112,2024-09-04 08:34:10+00:00,-6.10605,106.89226666666667,-6.106066666666667,106.89218333333334,0.0,0.1,0.009398208052969837,0
525014077,525014081,2024-09-04 09:00:01+00:00,-6.093073333333333,106.87819333333333,-6.09307,106.87826166666666,0.1,0.0,0.007564481591538838,0
525014077,525014081,2024-09-04 09:00:01+00:00,-6.093073333333333,106.87819333333333,-6.09307,106.87826166666666,0.1,0.0,0.007564481591538838,0
525014077,525014081,2024-09-04 11:00:12+00:00,-6.093096666666667,106.87816,-6.093108333333333,106.87826166666666,0.0,0.0,2.8231208420711225,0
525014077,525014081,2024-09-04 11:00:12+00:00,-6.093096666666667,106.87816,-6.093108333333333,106.87826166666666,0.0,0.0,2.8231208420711225,0
525016647,525021171,2024-09-04 15:00:03+00:00,-6.096666666666667,106.95683333333334,-6.096326666666666,106.956955,0.0,0.0,0.04012824710466001,0
525016647,525021171,2024-09-04 15:00:03+00:00,-6.096666666666667,106.95683333333334,-6.096326666666666,106.956955,0.0,0.0,0.04012824710466001,0
525018094,525021359,2024-09-06 08:00:12+00:00,-6.084683333333333,106.93471833333334,-6.084548333333333,106.93471833333334,0.0,0.1,0.015011315097043496,0
525018094,525021359,2024-09-06 08:00:12+00:00,-6.084683333333333,106.93471833333334,-6.084548333333333,106.93471833333334,0.0,0.1,0.015011315097043496,0
525016334,525501964,2024-09-07 01:31:47+00:00,-6.06208,106.95888333333333,-6.062173333333333,106.95882666666667,0.0,0.1,0.012123005839689569,0
525006284,525018395,2024-09-07 18:00:10+00:00,-6.111535,106.86130166666666,-6.111503333333333,106.8611,0.0,0.1,0.02257318665899085,0
525006284,525018395,2024-09-07 18:00:10+00:00,-6.111535,106.86130166666666,-6.111503333333333,106.8611,0.0,0.1,0.02257318665899085,0
525010182,525015092,2024-09-09 17:31:09+00:00,-6.094533333333334,106.95675,-6.09455,106.95688333333334,0.1,0.1,0.4360425086401182,0
525014077,525114067,2024-09-12 08:30:01+00:00,-6.093083333333333,106.87819333333333,-6.0931066666666664,106.87827666666666,0.0,0.1,2.0189103482038644,0
525021134,525023080,2024-09-14 12:00:07+00:00,-6.105861666666667,106.88375166666667,-6.10545,106.88380333333333,0.0,0.0,0.04613030985509143,0
525021134,525023080,2024-09-14 12:00:07+00:00,-6.105861666666667,106.88375166666667,-6.10545,106.88380333333333,0.0,0.0,0.04613030985509143,0
525006345,525023365,2024-09-15 08:00:23+00:00,-6.105026666666666,106.88378833333333,-6.105273333333334,106.88378,0.0,0.0,0.027443552935878166,0
525006345,525023365,2024-09-15 08:00:23+00:00,-6.105026666666666,106.88378833333333,-6.105273333333334,106.88378,0.0,0.0,0.027443552935878166,0
525010182,525018273,2024-09-15 12:30:03+00:00,-6.094233333333333,106.95873333333333,-6.0946766666666665,106.95871666666666,0.0,0.0,0.04933084830617103,0
525015092,525016718,2024-09-15 14:34:51+00:00,-6.0946533333333335,106.95685166666667,-6.094571666666667,106.95721833333333,0.1,0.0,0.04154561588939677,0
525010182,525018273,2024-09-16 01:00:04+00:00,-6.094198333333333,106.95874333333333,-6.0946316666666664,106.95872833333334,0.0,0.0,8.589285328314944,0
525010182,525018273,2024-09-16 01:00:04+00:00,-6.094198333333333,106.95874333333333,-6.0946316666666664,106.95872833333334,0.0,0.0,8.589285328314944,0
525010182,525018273,2024-09-16 12:00:04+00:00,-6.094275,106.95870833333333,-6.094665,106.95865666666667,0.2,0.0,0.04374066327453399,0
525010182,525018273,2024-09-16 12:00:04+00:00,-6.094275,106.95870833333333,-6.094665,106.95865666666667,0.2,0.0,0.04374066327453399,0
525010182,525018273,2024-09-16 21:00:14+00:00,-6.094286666666667,106.95867166666666,-6.094671666666667,106.95865333333333,0.2,0.0,8.324855876221722,0
525010182,525018273,2024-09-16 21:00:14+00:00,-6.094286666666667,106.95867166666666,-6.094671666666667,106.95865333333333,0.2,0.0,8.324855876221722,0
525006345,525113017,2024-09-17 11:30:05+00:00,-6.105771666666667,106.88371833333333,-6.105331666666666,106.88364,0.0,0.0,2.995465799424551,0
525016534,525115026,2024-09-17 20:31:27+00:00,-6.106191666666667,106.95670333333334,-6.10606,106.95681,0.0,0.0,0.018799886828858414,0
525023080,525201201,2024-09-17 22:00:07+00:00,-6.104428333333333,106.88238166666666,-6.104795,106.88238333333334,0.0,0.0,10.343602955000957,0
525023080,525201201,2024-09-17 22:00:07+00:00,-6.104428333333333,106.88238166666666,-6.104795,106.88238333333334,0.0,0.0,10.343602955000957,0
525023080,525201201,2024-09-17 22:30:08+00:00,-6.104408333333334,106.88241833333333,-6.104785,106.88236833333333,0.0,0.0,1.2516441423113882,0
525005334,525020039,2024-09-18 05:30:14+00:00,-6.095255,106.95698833333333,-6.095023333333334,106.95711166666666,0.0,0.0,10.792168871783549,0
525016718,525500404,2024-09-18 13:00:13+00:00,-6.095236666666667,106.95707,-6.095271666666667,106.95699666666667,0.0,0.0,5.213845913924183,0
525016718,525500404,2024-09-18 13:00:13+00:00,-6.095236666666667,106.95707,-6.095271666666667,106.95699666666667,0.0,0.0,5.213845913924183,0
525006377,525200307,2024-09-19 15:00:09+00:00,-6.09542,106.95861166666667,-6.095421666666667,106.95851,0.0,0.0,5.957254530381668,0
525006377,525200307,2024-09-19 15:00:09+00:00,-6.09542,106.95861166666667,-6.095421666666667,106.95851,0.0,0.0,5.957254530381668,0
525006377,525200307,2024-09-19 16:00:09+00:00,-6.095413333333333,106.958635,-6.095476666666666,106.95851666666667,0.0,0.0,10.217686395097255,0
525006377,525200307,2024-09-19 16:00:09+00:00,-6.095413333333333,106.958635,-6.095476666666666,106.95851666666667,0.0,0.0,10.217686395097255,0
525006377,525200307,2024-09-19 21:00:09+00:00,-6.095408333333333,106.95855166666666,-6.095388333333333,106.95847166666667,0.0,0.0,10.212537018079995,0
525006377,525200307,2024-09-19 21:00:09+00:00,-6.095408333333333,106.95855166666666,-6.095388333333333,106.95847166666667,0.0,0.0,10.212537018079995,0
525006377,525200307,2024-09-19 22:30:09+00:00,-6.095471666666667,106.95869666666667,-6.095491666666667,106.95859833333333,0.0,0.0,3.4765532362333933,0
525006377,525200307,2024-09-20 03:30:09+00:00,-6.095456666666666,106.958615,-6.095475,106.95853166666667,0.0,0.0,10.346968043065718,0
525006377,525200307,2024-09-20 05:00:09+00:00,-6.095456666666666,106.95860666666667,-6.095486666666667,106.95851166666667,0.0,0.0,0.011020780380220774,0
525006377,525200307,2024-09-20 05:00:09+00:00,-6.095456666666666,106.95860666666667,-6.095486666666667,106.95851166666667,0.0,0.0,0.011020780380220774,0
525001151,525201568,2024-09-21 17:30:00+00:00,-6.110741666666667,106.87035333333333,-6.110733333333333,106.87055333333333,0.0,0.0,6.737451632765501,0
525001151,525201568,2024-09-21 18:00:09+00:00,-6.110726666666666,106.87037833333333,-6.110738333333333,106.870495,0.0,0.0,4.582358888978879,0
525001151,525201568,2024-09-21 18:00:09+00:00,-6.110726666666666,106.87037833333333,-6.110738333333333,106.870495,0.0,0.0,4.582358888978879,0
525002107,525023376,2024-09-22 20:30:07+00:00,-6.077681666666667,106.97162,-6.078078333333333,106.9717,0.0,0.0,2.3699608583144034,0
525006377,525200307,2024-09-22 22:00:30+00:00,-6.095396666666667,106.958665,-6.0955,106.95859833333333,0.1,0.0,3.432950988903127,0
525006377,525200307,2024-09-22 22:00:30+00:00,-6.095396666666667,106.958665,-6.0955,106.95859833333333,0.1,0.0,3.432950988903127,0
525002107,525023376,2024-09-22 23:00:17+00:00,-6.077703333333333,106.97174166666667,-6.078061666666667,106.97179333333334,0.0,0.0,9.229728804552753,0
525002107,525023376,2024-09-22 23:00:17+00:00,-6.077703333333333,106.97174166666667,-6.078061666666667,106.97179333333334,0.0,0.0,9.229728804552753,0
525006377,525200307,2024-09-23 19:30:16+00:00,-6.095446666666667,106.95858833333334,-6.095466666666667,106.95849166666666,0.1,0.0,7.41065344561888,0
525015092,525500404,2024-09-24 01:30:06+00:00,-6.09435,106.95676666666667,-6.094546666666667,106.95717166666667,0.0,0.0,3.620357807571937,0
525006345,525023365,2024-09-25 12:00:00+00:00,-6.093403333333334,106.88130166666667,-6.093498333333334,106.88122833333334,0.2,0.3,0.013316576219186615,0
525006345,525023365,2024-09-25 12:00:00+00:00,-6.093403333333334,106.88130166666667,-6.093498333333334,106.88122833333334,0.2,0.3,0.013316576219186615,0
525300233,525800528,2024-09-25 20:00:30+00:00,-6.102135,106.95325333333334,-6.101961666666667,106.95314333333333,0.0,0.0,0.022790272798123866,0
525300233,525800528,2024-09-25 20:00:30+00:00,-6.102135,106.95325333333334,-6.101961666666667,106.95314333333333,0.0,0.0,0.022790272798123866,0
525014077,525023365,2024-09-26 15:31:17+00:00,-6.0931066666666664,106.87822,-6.092885,106.878605,0.0,0.3,8.323184544865368,0
525023365,525201201,2024-09-27 05:00:08+00:00,-6.10633,106.88375833333333,-6.1063616666666665,106.88331333333333,0.0,0.0,23.205330745644066,0
525023365,525201201,2024-09-27 05:00:08+00:00,-6.10633,106.88375833333333,-6.1063616666666665,106.88331333333333,0.0,0.0,23.205330745644066,0
525002107,525100996,2024-09-27 19:00:27+00:00,-6.077698333333333,106.97168833333333,-6.078108333333334,106.971765,0.1,0.0,0.046371335342259595,0
525002107,525100996,2024-09-27 19:00:27+00:00,-6.077698333333333,106.97168833333333,-6.078108333333334,106.971765,0.1,0.0,0.046371335342259595,0
525018060,525601901,2024-09-28 21:31:44+00:00,-5.922366666666667,106.3944,-5.922623333333333,106.394765,0.2,0.0,0.04943916578081579,0
525018060,525601901,2024-09-28 22:01:45+00:00,-5.922248333333333,106.39449,-5.922558333333333,106.394805,0.2,0.0,0.04901017896761543,0
525018060,525601901,2024-09-28 22:01:45+00:00,-5.922248333333333,106.39449,-5.922558333333333,106.394805,0.2,0.0,0.04901017896761543,0
525018060,525601901,2024-09-29 06:01:45+00:00,-5.921466666666666,106.39549333333333,-5.9217933333333335,106.39553,0.1,0.0,0.036549358959273893,0
525018060,525601901,2024-09-29 06:01:45+00:00,-5.921466666666666,106.39549333333333,-5.9217933333333335,106.39553,0.1,0.0,0.036549358959273893,0
525019300,525019391,2024-09-30 21:53:38+00:00,-6.096256666666667,106.79936666666667,-6.096415,106.79949333333333,0.0,0.0,0.022496833497622083,0
525019300,525019391,2024-09-30 21:53:38+00:00,-6.096256666666667,106.79936666666667,-6.096415,106.79949333333333,0.0,0.0,0.022496833497622083,0
525401442,525601901,2024-10-04 21:02:25+00:00,-5.921576666666667,106.396135,-5.921598333333334,106.39593833333333,0.2,0.1,0.02188466319827661,0
525401442,525601901,2024-10-04 21:02:25+00:00,-5.921576666666667,106.396135,-5.921598333333334,106.39593833333333,0.2,0.1,0.02188466319827661,0
525119225,525600028,2024-10-08 09:30:03+00:00,-6.107003333333333,106.957535,-6.107293333333334,106.95769166666666,0.0,0.0,0.03660435648128586,0
525003343,525500404,2024-10-10 14:00:14+00:00,-6.0948183333333334,106.95718,-6.095206666666667,106.95702833333333,0.0,0.0,0.046322561278939904,0
525003343,525500404,2024-10-10 14:00:14+00:00,-6.0948183333333334,106.95718,-6.095206666666667,106.95702833333333,0.0,0.0,0.046322561278939904,0
525003343,525500404,2024-10-10 18:32:13+00:00,-6.094743333333334,106.95714,-6.09513,106.95698333333333,0.0,0.0,0.046353596964927295,0
525010182,525016177,2024-10-14 10:00:49+00:00,-6.094633333333333,106.95867833333334,-6.09464,106.958655,0.0,0.1,5.463357789427583,0
525010182,525016177,2024-10-14 10:00:49+00:00,-6.094633333333333,106.95867833333334,-6.09464,106.958655,0.0,0.1,5.463357789427583,0
525007176,525700563,2024-10-14 10:31:19+00:00,-6.095261666666667,106.95703833333333,-6.095011666666666,106.95708,0.0,0.0,0.02817788658949136,0
525006218,525020039,2024-10-14 11:00:45+00:00,-6.09633,106.95694833333333,-6.09676,106.95694333333333,0.0,0.1,9.071159744654407,0
525006218,525020039,2024-10-14 11:00:45+00:00,-6.09633,106.95694833333333,-6.09676,106.95694333333333,0.0,0.1,9.071159744654407,0
525007176,525016647,2024-10-14 11:31:09+00:00,-6.095248333333333,106.95702333333334,-6.095166666666667,106.957,0.0,0.0,10.33563155095082,0
525003343,525007176,2024-10-14 13:30:25+00:00,-6.095695,106.95695833333333,-6.095265,106.95706333333334,0.0,0.0,4.54732011106164,0
525014081,525924924,2024-10-17 02:00:02+00:00,-6.096715,106.87279166666667,-6.096765,106.87277833333333,0.0,0.0,6.837052720314259,0
525014081,525924924,2024-10-17 02:00:02+00:00,-6.096715,106.87279166666667,-6.096765,106.87277833333333,0.0,0.0,6.837052720314259,0
525201201,525501897,2024-10-18 13:00:07+00:00,-6.106345,106.88345166666667,-6.106325,106.88308,0.0,0.0,19.106283124757525,0
525201201,525501897,2024-10-18 13:00:07+00:00,-6.106345,106.88345166666667,-6.106325,106.88308,0.0,0.0,19.106283124757525,0
525014081,525924924,2024-10-19 02:30:08+00:00,-6.0967183333333335,106.87278,-6.0967416666666665,106.87277,0.0,0.0,1.7988207191201897,0
525006345,525201201,2024-10-21 07:00:00+00:00,-6.106376666666667,106.88305166666666,-6.106351666666667,106.88344166666667,0.0,0.0,7.9510109272215415,0
525006345,525201201,2024-10-21 07:00:00+00:00,-6.106376666666667,106.88305166666666,-6.106351666666667,106.88344166666667,0.0,0.0,7.9510109272215415,0
525014077,525014078,2024-10-24 08:30:43+00:00,-6.091531666666667,106.87853333333334,-6.091518333333333,106.87866666666666,0.0,0.0,11.08931455171123,0
525021177,525021339,2024-10-25 23:00:08+00:00,-6.081708333333333,106.9302,-6.08169,106.93010666666666,0.0,0.1,5.466138119793052,0
525021177,525021339,2024-10-25 23:00:08+00:00,-6.081708333333333,106.9302,-6.08169,106.93010666666666,0.0,0.1,5.466138119793052,0
525021177,525021339,2024-10-26 02:30:09+00:00,-6.081833333333333,106.930645,-6.081746666666667,106.93060333333334,0.0,0.0,0.010681506657214098,0
525021177,525021339,2024-10-26 03:30:00+00:00,-6.081826666666666,106.93066833333333,-6.08175,106.93062333333333,0.0,0.1,0.009870732483719839,0
525021177,525021339,2024-10-26 04:30:00+00:00,-6.081831666666667,106.93071,-6.08174,106.93063833333333,0.0,0.0,3.213837634798945,0
525023080,563103700,2024-10-26 14:30:46+00:00,-6.0981,106.90896666666667,-6.098283333333334,106.90896666666667,0.1,0.1,0.5499668346244514,0
525119225,525401142,2024-10-26 15:03:33+00:00,-6.104093333333333,106.95385666666667,-6.10401,106.95380833333333,0.0,0.0,3.5703639463379235,0
525119225,525401142,2024-10-26 15:03:33+00:00,-6.104093333333333,106.95385666666667,-6.10401,106.95380833333333,0.0,0.0,3.5703639463379235,0
525021177,525021339,2024-10-27 02:00:05+00:00,-6.081848333333333,106.93035166666667,-6.081828333333333,106.930285,0.0,0.0,0.007699439612061421,0
525021177,525021339,2024-10-27 02:00:05+00:00,-6.081848333333333,106.93035166666667,-6.081828333333333,106.930285,0.0,0.0,0.007699439612061421,0
525119225,525301543,2024-10-27 14:32:29+00:00,-6.106011666666666,106.95649666666667,-6.10603,106.956465,0.0,0.0,9.684673835074056,0
525021177,525021339,2024-10-28 18:30:02+00:00,-6.081771666666667,106.93044166666667,-6.081718333333333,106.93034166666666,0.1,0.1,4.587051360842003,0
525021177,525021339,2024-10-28 19:30:02+00:00,-6.081766666666667,106.93018333333333,-6.08178,106.93007833333333,0.0,0.1,9.928738486753506,0
525006345,525023365,2024-10-29 05:01:10+00:00,-6.106353333333334,106.88380333333333,-6.105995,106.883755,0.0,0.0,0.04020161131985503,0
525006345,525023365,2024-10-29 05:01:10+00:00,-6.106353333333334,106.88380333333333,-6.105995,106.883755,0.0,0.0,0.04020161131985503,0
525015925,525015972,2024-10-29 06:30:31+00:00,-6.039015,106.89845166666667,-6.038751666666666,106.89826,0.0,0.0,8.635014835979923,0
525801130,525801131,2024-10-29 23:30:01+00:00,-6.096028333333333,106.95854666666666,-6.096005,106.95864666666667,0.0,0.0,0.011356955105903958,0
525021177,525021339,2024-10-29 23:30:07+00:00,-6.082498333333334,106.93090833333333,-6.082433333333333,106.93094666666667,0.0,0.0,0.008378776634904269,0
525801130,525801131,2024-10-30 01:00:01+00:00,-6.09604,106.95854666666666,-6.09602,106.95861333333333,0.0,0.0,0.00769925315099094,0
525801130,525801131,2024-10-30 01:00:01+00:00,-6.09604,106.95854666666666,-6.09602,106.95861333333333,0.0,0.0,0.00769925315099094,0
525801130,525801131,2024-10-30 03:30:01+00:00,-6.096035,106.95856666666667,-6.09602,106.95864666666667,0.0,0.0,0.00900117581112211,0
525801130,525801131,2024-10-30 06:30:00+00:00,-6.096021666666666,106.95854666666666,-6.096011666666667,106.95866,0.0,0.0,0.012580069830820391,0
525801130,525801131,2024-10-30 07:00:00+00:00,-6.096026666666667,106.95854666666666,-6.096011666666667,106.95864666666667,0.0,0.0,0.011181713529375421,0
525801130,525801131,2024-10-30 07:00:00+00:00,-6.096026666666667,106.95854666666666,-6.096011666666667,106.95864666666667,0.0,0.0,0.011181713529375421,0
525003343,525016510,2024-10-30 07:30:07+00:00,-6.094796666666666,106.95713666666667,-6.0946283333333335,106.95716833333333,0.0,0.0,8.02214772532744,0
525801130,525801131,2024-10-30 08:00:00+00:00,-6.09604,106.95854666666666,-6.096018333333333,106.95864666666667,0.0,0.0,0.0113160549752487,0
525801130,525801131,2024-10-30 08:00:00+00:00,-6.09604,106.95854666666666,-6.096018333333333,106.95864666666667,0.0,0.0,0.0113160549752487,0
525003343,525016510,2024-10-30 08:30:06+00:00,-6.094796666666666,106.95711,-6.094636666666666,106.95719,0.1,0.0,11.315766123177017,0
525801130,525801131,2024-10-30 09:30:00+00:00,-6.09604,106.95854666666666,-6.0960383333333334,106.95864666666667,0.0,0.0,0.011058168180727562,0
525801130,525801131,2024-10-30 10:00:01+00:00,-6.096065,106.95854666666666,-6.096048333333333,106.95862666666666,0.0,0.0,0.00903735129181706,0
525801130,525801131,2024-10-30 10:00:01+00:00,-6.096065,106.95854666666666,-6.096048333333333,106.95862666666666,0.0,0.0,0.00903735129181706,0
525003343,525005334,2024-10-30 15:30:07+00:00,-6.09537,106.95702833333333,-6.09539,106.95709333333333,0.0,0.0,1.1999266675468456,0
525003343,525020039,2024-10-30 16:00:06+00:00,-6.095418333333333,106.95702833333333,-6.095755,106.95702833333333,0.0,0.0,5.70718622787341,0
525003343,525020039,2024-10-30 16:00:06+00:00,-6.095418333333333,106.95702833333333,-6.095755,106.95702833333333,0.0,0.0,5.70718622787341,0
525021177,525021339,2024-10-30 17:30:05+00:00,-6.082621666666666,106.930845,-6.082731666666667,106.93092333333334,0.0,0.0,0.0149874977416357,0
525021177,525021339,2024-10-30 20:30:06+00:00,-6.081886666666667,106.930595,-6.081765,106.93055166666667,0.0,0.0,3.263480435268492,0
525021177,525021339,2024-10-31 04:00:00+00:00,-6.082015,106.93048833333333,-6.081855,106.93041666666667,0.0,0.0,7.359548755789025,0
525021177,525021339,2024-10-31 04:00:00+00:00,-6.082015,106.93048833333333,-6.081855,106.93041666666667,0.0,0.0,7.359548755789025,0
525801130,525801131,2024-10-31 12:00:00+00:00,-6.09607,106.95854666666666,-6.096035,106.95864666666667,0.0,0.0,0.01172156192548315,0
525801130,525801131,2024-10-31 12:00:00+00:00,-6.09607,106.95854666666666,-6.096035,106.95864666666667,0.0,0.0,0.01172156192548315,0
525801130,525801131,2024-10-31 12:30:00+00:00,-6.096056666666667,106.95854666666666,-6.096031666666667,106.95864666666667,0.0,0.0,0.011400720623891882,0
525801130,525801131,2024-10-31 16:30:08+00:00,-6.096026666666667,106.95854666666666,-6.095998333333333,106.95864666666667,0.0,0.0,0.011496718881300803,0
525006345,525023365,2024-10-31 20:30:00+00:00,-6.105671666666667,106.88381166666667,-6.105346666666667,106.88377666666666,0.0,0.0,3.308003713684687,0
525801130,525801131,2024-10-31 23:00:04+00:00,-6.095993333333333,106.95854666666666,-6.095981666666667,106.95862666666666,0.0,0.0,0.008939917657329254,0
525801130,525801131,2024-10-31 23:00:04+00:00,-6.095993333333333,106.95854666666666,-6.095981666666667,106.95862666666666,0.0,0.0,0.008939917657329254,0
525801130,525801131,2024-10-31 23:30:04+00:00,-6.096018333333333,106.95854666666666,-6.095995,106.95862666666666,0.0,0.0,0.009217965217182263,0
525801130,525801131,2024-11-01 00:00:04+00:00,-6.096031666666667,106.95853333333334,-6.09602,106.95862666666666,0.0,0.0,0.010400728803552566,0
525801130,525801131,2024-11-01 00:00:04+00:00,-6.096031666666667,106.95853333333334,-6.09602,106.95862666666666,0.0,0.0,0.010400728803552566,0
525801130,525801131,2024-11-01 00:30:04+00:00,-6.0960366666666665,106.95853333333334,-6.096031666666667,106.95864666666667,0.0,0.0,0.012543158427044215,0
525801130,525801131,2024-11-01 03:30:03+00:00,-6.09604,106.95856666666667,-6.096025,106.95864666666667,0.0,0.0,0.009001175730128229,0
525801130,525801131,2024-11-01 04:00:04+00:00,-6.096011666666667,106.95856666666667,-6.096005,106.95864666666667,0.0,0.0,0.0088763013920847,0
525801130,525801131,2024-11-01 04:00:04+00:00,-6.096011666666667,106.95856666666667,-6.096005,106.95864666666667,0.0,0.0,0.0088763013920847,0
525801130,525801131,2024-11-01 11:30:05+00:00,-6.096055,106.95854666666666,-6.096023333333333,106.95864666666667,0.0,0.0,0.01160376642406128,0
525801130,525801131,2024-11-01 13:30:03+00:00,-6.096018333333333,106.95856666666667,-6.095996666666666,106.95864666666667,0.0,0.0,0.009167527426943775,0
525021177,525021339,2024-11-01 13:30:05+00:00,-6.08286,106.93039833333333,-6.082976666666666,106.93048,0.0,0.0,103.06198891179844,0
525021177,525021339,2024-11-02 02:00:05+00:00,-6.082051666666667,106.93005166666667,-6.082005,106.92992666666666,0.0,0.0,4.540539369248241,0
525021177,525021339,2024-11-02 02:00:05+00:00,-6.082051666666667,106.93005166666667,-6.082005,106.92992666666666,0.0,0.0,4.540539369248241,0
525801130,525801131,2024-11-02 09:01:43+00:00,-6.096026666666667,106.95853333333334,-6.096018333333333,106.95862666666666,0.0,0.0,1.2219204184330388,0
525016647,525500404,2024-11-02 09:01:43+00:00,-6.095166666666667,106.957,-6.094966666666667,106.95709166666667,0.0,0.0,1.2219204184330388,0
525801130,525801131,2024-11-02 09:01:43+00:00,-6.096026666666667,106.95853333333334,-6.096018333333333,106.95862666666666,0.0,0.0,1.2219204184330388,0
525016647,525500404,2024-11-02 09:01:43+00:00,-6.095166666666667,106.957,-6.094966666666667,106.95709166666667,0.0,0.0,1.2219204184330388,0
525021177,525021339,2024-11-03 23:30:07+00:00,-6.081785,106.93031833333333,-6.081665,106.93026166666667,0.0,0.1,10.247163988310042,0
525004013,525500404,2024-11-04 13:00:09+00:00,-6.095633333333334,106.95699166666667,-6.095285,106.95697666666666,0.0,0.1,3.4413813337201526,0
525004013,525500404,2024-11-04 13:00:09+00:00,-6.095633333333334,106.95699166666667,-6.095285,106.95697666666666,0.0,0.1,3.4413813337201526,0
525801130,525801131,2024-11-04 15:30:02+00:00,-6.096011666666667,106.95853333333334,-6.095988333333334,106.95862666666666,0.0,0.0,0.010640673405203886,0
525004013,525500404,2024-11-04 15:30:09+00:00,-6.095656666666667,106.95698,-6.095285,106.95699166666667,0.0,0.0,8.5100377646697,0
525004013,525500404,2024-11-04 16:00:00+00:00,-6.095685,106.95698833333333,-6.095271666666667,106.95699166666667,0.0,0.0,0.1974862869180695,0
525004013,525500404,2024-11-04 16:00:00+00:00,-6.095685,106.95698833333333,-6.095271666666667,106.95699166666667,0.0,0.0,0.1974862869180695,0
525004013,525500404,2024-11-04 16:30:08+00:00,-6.095673333333333,106.95697,-6.095288333333333,106.95698166666666,0.0,0.0,7.671820875188951,0
525010182,525115005,2024-11-04 22:31:29+00:00,-6.0946,106.958645,-6.09459,106.95861166666667,0.0,0.0,0.0038496360130534026,0
525023080,525432111,2024-11-05 11:31:00+00:00,-6.106648333333333,106.89097,-6.106455,106.89105166666667,0.0,0.0,0.02331695551026626,0
525006284,525016552,2024-11-08 17:58:52+00:00,-6.113836666666667,106.86129666666666,-6.113858333333333,106.861435,0.0,0.0,0.01548306649173548,0
525006284,525016552,2024-11-08 17:58:52+00:00,-6.113836666666667,106.86129666666666,-6.113858333333333,106.861435,0.0,0.0,0.01548306649173548,0
525119086,525300027,2024-11-09 02:39:04+00:00,-6.012416666666667,106.90695,-6.01228,106.90688333333334,0.0,0.0,60.253033154292346,0
525005227,525007206,2024-11-09 04:23:55+00:00,-5.149026666666667,106.22031333333334,-5.148975,106.220615,0.0,0.0,0.033898818441349614,0
525119086,525300027,2024-11-09 05:31:14+00:00,-6.0119,106.90461666666667,-6.011991666666667,106.90450333333334,0.0,0.0,0.01615441636606572,0
525016250,525701475,2024-11-09 22:32:45+00:00,-6.0410433333333335,106.46845333333333,-6.040866666666667,106.46866833333333,0.1,0.3,0.030840139863340704,0
525023365,525201201,2024-11-12 01:31:00+00:00,-6.106351666666667,106.88375666666667,-6.106366666666666,106.88347166666667,0.0,0.0,5.074838291733387,0
525003166,525500404,2024-11-12 01:31:34+00:00,-6.095743333333333,106.95702,-6.095323333333333,106.956995,0.0,0.0,27.34887466816156,0
525023365,525201201,2024-11-12 03:00:48+00:00,-6.106348333333333,106.88376333333333,-6.106378333333334,106.88340666666667,0.0,0.0,5.094491426862672,0
525023365,525201201,2024-11-12 03:00:48+00:00,-6.106348333333333,106.88376333333333,-6.106378333333334,106.88340666666667,0.0,0.0,5.094491426862672,0
525023365,525201201,2024-11-12 03:31:19+00:00,-6.10634,106.88377166666666,-6.106365,106.883445,0.0,0.0,4.750453768575031,0
525023365,525201201,2024-11-12 04:52:09+00:00,-6.10634,106.88378,-6.106365,106.883445,0.0,0.0,0.037143120049653665,0
525023365,525201201,2024-11-12 04:52:09+00:00,-6.10634,106.88378,-6.106365,106.883445,0.0,0.0,0.037143120049653665,0
525015972,525301388,2024-11-16 21:26:03+00:00,-6.09938,106.88275166666666,-6.0990166666666665,106.88261,0.0,0.0,0.15774600275191916,0
525015972,525301388,2024-11-16 21:31:04+00:00,-6.099388333333334,106.88274333333334,-6.099015,106.88262833333333,0.0,0.0,0.9320919479151463,0
525004014,525019300,2024-11-16 23:00:05+00:00,-6.11395,106.861285,-6.113535,106.86140666666667,0.0,0.0,65.23090833015199,0
525004014,525019300,2024-11-16 23:13:04+00:00,-6.113898333333333,106.86129833333334,-6.11354,106.86140666666667,0.0,0.0,11.318286749738535,0
525004014,525019300,2024-11-16 23:00:05+00:00,-6.11395,106.861285,-6.113535,106.86140666666667,0.0,0.0,65.23090833015199,0
525004014,525019300,2024-11-16 23:13:04+00:00,-6.113898333333333,106.86129833333334,-6.11354,106.86140666666667,0.0,0.0,11.318286749738535,0
525004014,525019300,2024-11-16 23:31:14+00:00,-6.113918333333333,106.861285,-6.113536666666667,106.86139333333334,0.0,0.0,6.899631613836109,0
525021181,525021359,2024-11-16 23:39:03+00:00,-6.03256,106.89738,-6.032228333333333,106.897275,0.0,0.0,15.285126508574406,0
525004014,525019300,2024-11-16 23:52:04+00:00,-6.113926666666667,106.86127833333333,-6.113541666666666,106.86139333333334,0.0,0.0,17.65633464007261,0
525004014,525019300,2024-11-17 00:00:04+00:00,-6.113933333333334,106.86131333333333,-6.113535,106.86140666666667,0.0,0.0,46.27290809733763,0
525004014,525019300,2024-11-16 23:52:04+00:00,-6.113926666666667,106.86127833333333,-6.113541666666666,106.86139333333334,0.0,0.0,17.65633464007261,0
525004014,525019300,2024-11-17 00:00:04+00:00,-6.113933333333334,106.86131333333333,-6.113535,106.86140666666667,0.0,0.0,46.27290809733763,0
525015972,525301388,2024-11-17 00:39:13+00:00,-6.09937,106.88277166666667,-6.099011666666667,106.88263333333333,0.0,0.1,2.2888326816170568,0
525015972,525301388,2024-11-17 01:00:04+00:00,-6.099355,106.88274666666666,-6.099075,106.8827,0.1,0.0,1.330405836270905,0
525004014,525019300,2024-11-17 01:00:45+00:00,-6.11389,106.86130666666666,-6.113533333333334,106.86139333333334,0.0,0.0,1.1119059579769968,0
525015972,525301388,2024-11-17 01:13:13+00:00,-6.099383333333333,106.882785,-6.098998333333333,106.882645,0.0,0.2,2.01988735310803,0
525015972,525301388,2024-11-17 01:00:04+00:00,-6.099355,106.88274666666666,-6.099075,106.8827,0.1,0.0,1.330405836270905,0
525004014,525019300,2024-11-17 01:00:45+00:00,-6.11389,106.86130666666666,-6.113533333333334,106.86139333333334,0.0,0.0,1.1119059579769968,0
525015972,525301388,2024-11-17 01:13:13+00:00,-6.099383333333333,106.882785,-6.098998333333333,106.882645,0.0,0.2,2.01988735310803,0
525004014,525019300,2024-11-17 03:00:14+00:00,-6.113895,106.86131166666667,-6.113513333333334,106.86140666666667,0.0,0.0,8.331381082911456,0
525004014,525019300,2024-11-17 03:00:14+00:00,-6.113895,106.86131166666667,-6.113513333333334,106.86140666666667,0.0,0.0,8.331381082911456,0
525004014,525019300,2024-11-17 03:26:34+00:00,-6.113898333333333,106.86132666666667,-6.113513333333334,106.86140666666667,0.0,0.0,2.282299920357648,0
525015972,525301388,2024-11-17 04:00:04+00:00,-6.099355,106.88278666666666,-6.099053333333333,106.88271333333333,0.0,0.0,1.4418204900461147,0
525015972,525301388,2024-11-17 04:00:04+00:00,-6.099355,106.88278666666666,-6.099053333333333,106.88271333333333,0.0,0.0,1.4418204900461147,0
525004014,525019300,2024-11-17 05:31:14+00:00,-6.113873333333333,106.86131,-6.11351,106.86140666666667,0.0,0.0,64.65941565833616,0
525004014,525019300,2024-11-17 05:39:04+00:00,-6.11388,106.861305,-6.113508333333334,106.86140666666667,0.0,0.0,8.20866602945393,0
525003414,525018371,2024-11-26 06:00:15+00:00,-6.113505,106.86133666666667,-6.113555,106.861365,0.0,0.0,2.1951353744039963,0
525003414,525018371,2024-11-26 06:00:15+00:00,-6.113505,106.86133666666667,-6.113555,106.861365,0.0,0.0,2.1951353744039963,0
525021181,525119081,2024-11-27 02:31:20+00:00,-6.01585,106.90796,-6.016068333333333,106.90800666666667,0.0,0.0,6.23344959149733,0
525012279,525601180,2024-11-27 10:00:20+00:00,-6.04095,106.46857333333334,-6.040888333333333,106.46864,0.0,0.0,0.010067900342451067,0
525012279,525601180,2024-11-27 10:00:20+00:00,-6.04095,106.46857333333334,-6.040888333333333,106.46864,0.0,0.0,0.010067900342451067,0
525012279,525601180,2024-11-27 10:52:00+00:00,-6.040953333333333,106.46857333333334,-6.040905,106.46865333333334,0.0,0.0,0.010350826106323228,0
525012279,525601180,2024-11-27 10:52:00+00:00,-6.040953333333333,106.46857333333334,-6.040905,106.46865333333334,0.0,0.0,0.010350826106323228,0
525012279,525601180,2024-11-27 20:31:00+00:00,-6.040941666666667,106.46844666666667,-6.040868333333333,106.46849333333333,0.0,0.0,0.009649923679490434,0
525012279,525601180,2024-11-27 21:00:09+00:00,-6.04092,106.46846,-6.04086,106.46849333333333,0.0,0.0,0.0076221713112138495,0
525012279,525601180,2024-11-27 21:00:09+00:00,-6.04092,106.46846,-6.04086,106.46849333333333,0.0,0.0,0.0076221713112138495,0
525012279,525601180,2024-11-27 22:52:00+00:00,-6.040975,106.46847333333334,-6.040885,106.46850666666667,0.0,0.0,3.4857109640639363,0
525012279,525601180,2024-11-27 22:52:00+00:00,-6.040975,106.46847333333334,-6.040885,106.46850666666667,0.0,0.0,3.4857109640639363,0
525012279,525601180,2024-11-27 23:31:11+00:00,-6.040991666666667,106.46846,-6.040891666666667,106.46849333333333,0.0,0.0,0.011714481971444842,0
525012279,525601180,2024-11-28 00:39:28+00:00,-6.041001666666666,106.46846,-6.040923333333334,106.46850666666667,0.0,0.0,0.010124094581309733,0
525012279,525601180,2024-11-28 03:26:00+00:00,-6.040988333333333,106.46849333333333,-6.040906666666666,106.46854,0.0,0.0,3.492742855424411,0
525012279,525601180,2024-11-28 04:00:20+00:00,-6.04098,106.46849333333333,-6.040905,106.46854,0.0,0.0,3.4883021142592634,0
525012279,525601180,2024-11-28 04:13:00+00:00,-6.04097,106.46850666666667,-6.040906666666666,106.46854,0.0,0.0,3.4894853230968628,0
525012279,525601180,2024-11-28 04:00:20+00:00,-6.04098,106.46849333333333,-6.040905,106.46854,0.0,0.0,3.4883021142592634,0
525012279,525601180,2024-11-28 04:13:00+00:00,-6.04097,106.46850666666667,-6.040906666666666,106.46854,0.0,0.0,3.4894853230968628,0
525012279,525601180,2024-11-28 04:26:00+00:00,-6.040978333333333,106.46849333333333,-6.04091,106.46856,0.0,0.0,3.4876344392867966,0
525012279,525601180,2024-11-28 05:13:10+00:00,-6.040955,106.46852666666666,-6.040901666666667,106.46856,0.0,0.0,0.006982518827095546,0
525012279,525601180,2024-11-28 05:13:10+00:00,-6.040955,106.46852666666666,-6.040901666666667,106.46856,0.0,0.0,0.006982518827095546,0
525012279,525601180,2024-11-28 05:26:00+00:00,-6.040991666666667,106.46849333333333,-6.0409,106.46856,0.0,0.0,0.01257928638069493,0
525012279,525601180,2024-11-28 05:31:11+00:00,-6.040971666666667,106.46850666666667,-6.040898333333334,106.46854,0.0,0.0,0.008948658661886506,0
525012279,525601180,2024-11-28 06:26:11+00:00,-6.040956666666666,106.46846,-6.040906666666666,106.46854,0.0,0.0,0.010448252183679002,0
525012279,525601180,2024-11-28 09:39:09+00:00,-6.04097,106.46850666666667,-6.0409283333333335,106.46858666666667,0.0,0.0,44.30411410460973,0
525012279,525601180,2024-11-28 10:52:09+00:00,-6.040981666666666,106.46850666666667,-6.040916666666667,106.46858666666667,0.0,0.0,0.01142341482708533,0
525012279,525601180,2024-11-28 10:52:09+00:00,-6.040981666666666,106.46850666666667,-6.040916666666667,106.46858666666667,0.0,0.0,0.01142341482708533,0
525012279,525601180,2024-11-28 12:00:49+00:00,-6.040996666666667,106.46857333333334,-6.040918333333333,106.46858666666667,0.0,0.0,0.008834169211966579,0
525012279,525601180,2024-11-28 12:00:49+00:00,-6.040996666666667,106.46857333333334,-6.040918333333333,106.46858666666667,0.0,0.0,0.008834169211966579,0
525114058,525201568,2024-12-06 01:53:04+00:00,-6.1041533333333335,106.87758666666667,-6.103741666666667,106.87754833333334,0.0,0.0,0.04597103740022828,0
525114058,525201568,2024-12-06 01:53:04+00:00,-6.1041533333333335,106.87758666666667,-6.103741666666667,106.87754833333334,0.0,0.0,0.04597103740022828,0
525023329,525200515,2024-12-08 00:52:21+00:00,-6.122505,106.81225333333333,-6.122443333333333,106.81185333333333,0.0,0.0,0.044752713531493016,0
525023329,525200515,2024-12-08 00:52:21+00:00,-6.122505,106.81225333333333,-6.122443333333333,106.81185333333333,0.0,0.0,0.044752713531493016,0
525023329,525200515,2024-12-08 01:39:20+00:00,-6.122556666666667,106.81221833333333,-6.12245,106.81182333333334,0.2,0.0,8.098671999995208,0
525023329,525200515,2024-12-09 00:22:10+00:00,-6.122585,106.81225666666667,-6.122455,106.81185333333333,0.2,0.0,0.04687723784333563,0
525701109,525701253,2024-12-11 17:13:03+00:00,-6.039388333333333,106.47039833333334,-6.039416666666667,106.47046166666667,0.0,0.0,0.007679285636194244,0
525701109,525701253,2024-12-11 17:13:03+00:00,-6.039388333333333,106.47039833333334,-6.039416666666667,106.47046166666667,0.0,0.0,0.007679285636194244,0
525701109,525701253,2024-12-11 23:00:16+00:00,-6.03937,106.47040666666666,-6.0394,106.47046166666667,0.0,0.0,0.006936562446112359,0
525701109,525701253,2024-12-11 23:00:16+00:00,-6.03937,106.47040666666666,-6.0394,106.47046166666667,0.0,0.0,0.006936562446112359,0
525701109,525701253,2024-12-12 01:52:07+00:00,-6.0393566666666665,106.470425,-6.03945,106.47044,0.0,0.0,0.010509903322044684,0
525701109,525701253,2024-12-12 01:52:07+00:00,-6.0393566666666665,106.470425,-6.03945,106.47044,0.0,0.0,0.010509903322044684,0
525004014,525018371,2024-12-18 06:43:07+00:00,-6.114495,106.86141166666667,-6.114368333333333,106.861505,0.0,0.0,10.923079579747288,0
525004014,525018371,2024-12-18 06:43:07+00:00,-6.114495,106.86141166666667,-6.114368333333333,106.861505,0.0,0.0,10.923079579747288,0
525006377,525021171,2024-12-19 05:57:04+00:00,-6.094203333333334,106.95868,-6.094195,106.95857833333334,0.0,0.0,0.011279058182368658,0
525006377,525021171,2024-12-19 06:03:03+00:00,-6.094216666666667,106.95868,-6.094195,106.95857833333334,0.0,0.0,0.011496211333583969,0
525006377,525021171,2024-12-19 05:57:04+00:00,-6.094203333333334,106.95868,-6.094195,106.95857833333334,0.0,0.0,0.011279058182368658,0
525006377,525021171,2024-12-19 06:03:03+00:00,-6.094216666666667,106.95868,-6.094195,106.95857833333334,0.0,0.0,0.011496211333583969,0
357506000,525432111,2024-12-22 00:39:03+00:00,-6.09587,106.91955166666666,-6.09622,106.91931,0.3,0.4,11.712389237787944,0
525015534,525601270,2024-12-22 00:52:06+00:00,-6.116758333333333,106.86499333333333,-6.116348333333334,106.86507333333333,0.0,0.0,5.860974329411956,0
525015534,525601270,2024-12-22 00:52:06+00:00,-6.116758333333333,106.86499333333333,-6.116348333333334,106.86507333333333,0.0,0.0,5.860974329411956,0
525023365,525201201,2024-12-28 01:26:06+00:00,-6.10632,106.88375166666667,-6.106368333333333,106.88338666666667,0.0,0.0,3.909142614096247,0
525019630,525021181,2024-12-28 23:53:37+00:00,-6.026683333333334,106.91668333333334,-6.026785,106.91639333333333,0.0,0.0,0.0340025724430511,0
525019630,525021181,2024-12-28 23:53:37+00:00,-6.026683333333334,106.91668333333334,-6.026785,106.91639333333333,0.0,0.0,0.0340025724430511,0
525801385,525801393,2024-12-30 20:31:06+00:00,-6.096316666666667,106.95818666666666,-6.09612,106.95851333333333,0.0,0.0,0.04222266095179638,0
525006377,525500224,2024-12-30 21:00:07+00:00,-6.094221666666667,106.958695,-6.094146666666667,106.959045,0.1,0.3,9.527363479872134,0
525006377,525500224,2024-12-30 21:00:07+00:00,-6.094221666666667,106.958695,-6.094146666666667,106.959045,0.1,0.3,9.527363479872134,0
525006377,525010182,2024-12-30 22:00:08+00:00,-6.094221666666667,106.958695,-6.09455,106.95866666666667,0.1,0.1,7.994966477193508,0
525006377,525500224,2024-12-30 22:00:08+00:00,-6.094221666666667,106.958695,-6.094151666666667,106.95901333333333,0.1,0.1,7.994966477193508,0
525006377,525010182,2024-12-30 22:00:08+00:00,-6.094221666666667,106.958695,-6.09455,106.95866666666667,0.1,0.1,7.994966477193508,0
525006377,525500224,2024-12-30 22:00:08+00:00,-6.094221666666667,106.958695,-6.094151666666667,106.95901333333333,0.1,0.1,7.994966477193508,0
